Jahr,LehrForschungsbereich,Geschlecht,Wert
2020-01-01T00:00:00.000Z,Zahnmedizin (klinisch-praktisch),männlich,1110.0
2023-01-01T00:00:00.000Z,Bauingenieurwesen,männlich,3467.0
2023-01-01T00:00:00.000Z,Sonstige Sprach- und Kulturwissenschaften,männlich,767.0
2022-01-01T00:00:00.000Z,Allg. und vergl. Literatur- und Sprachwissenschaft,weiblich,990.0
2021-01-01T00:00:00.000Z,Mathematik,männlich,4424.0
2023-01-01T00:00:00.000Z,Mit der Hochschule verb. u. hochschulfr. Einricht.,weiblich,110.0
2020-01-01T00:00:00.000Z,Elektro- und Informationstechnik,männlich,7985.0
2023-01-01T00:00:00.000Z,Altphilologie (klassische Philologie),weiblich,190.0
2023-01-01T00:00:00.000Z,Erziehungswissenschaften,männlich,2148.0
2023-01-01T00:00:00.000Z,Evangelische Theologie,weiblich,514.0
2021-01-01T00:00:00.000Z,Soziale Einrichtungen,weiblich,4.0
2022-01-01T00:00:00.000Z,"Slawistik, Baltistik, Finno-Ugristik",männlich,155.0
2023-01-01T00:00:00.000Z,Zentralbibliothek,männlich,205.0
2022-01-01T00:00:00.000Z,"Kunst, Kunstwissenschaft allgemein",männlich,454.0
2020-01-01T00:00:00.000Z,Wirtschaftsingenieurw. mit wirtschaftsw. Schwerp.,weiblich,225.0
2022-01-01T00:00:00.000Z,Klinisch-theor. Humanmedizin (einschl.Zahnmedizin),männlich,6268.0
2021-01-01T00:00:00.000Z,Klinisch-theor. Humanmedizin (einschl.Zahnmedizin),männlich,6126.0
2023-01-01T00:00:00.000Z,Kulturwissenschaften i.e.S.,weiblich,337.0
2019-01-01T00:00:00.000Z,Geowissenschaften (ohne Geographie),männlich,2066.0
2020-01-01T00:00:00.000Z,Geisteswissenschaften allgemein,männlich,434.0
2020-01-01T00:00:00.000Z,Zentrale Hochschulverwaltung,männlich,1474.0
2023-01-01T00:00:00.000Z,Materialwissenschaft und Werkstofftechnik,weiblich,547.0
2022-01-01T00:00:00.000Z,Geschichte,männlich,1805.0
2020-01-01T00:00:00.000Z,Regionalwissenschaften,weiblich,82.0
2023-01-01T00:00:00.000Z,Klinisch-prakt. Humanmedizin (ohne Zahnmedizin),weiblich,26677.0
2020-01-01T00:00:00.000Z,Raumplanung,weiblich,357.0
2020-01-01T00:00:00.000Z,Verwaltungswissenschaften,männlich,1343.0
2022-01-01T00:00:00.000Z,Regionalwissenschaften,weiblich,92.0
2021-01-01T00:00:00.000Z,Materialwissenschaft und Werkstofftechnik,weiblich,490.0
2021-01-01T00:00:00.000Z,"Germanistik (Deutsch, germ. Sprachen o. Anglistik)",weiblich,2293.0
2020-01-01T00:00:00.000Z,"Darstellende Kunst, Film u.Fernsehen, Theaterwiss.",weiblich,389.0
2021-01-01T00:00:00.000Z,"Darstellende Kunst, Film u.Fernsehen, Theaterwiss.",weiblich,393.0
2023-01-01T00:00:00.000Z,Politikwissenschaft,männlich,1066.0
2022-01-01T00:00:00.000Z,"Darstellende Kunst, Film u.Fernsehen, Theaterwiss.",weiblich,408.0
2023-01-01T00:00:00.000Z,"Physik, Astronomie",weiblich,2387.0
2019-01-01T00:00:00.000Z,Mit der Klinik verbundene u.klinikfremde Einricht.,weiblich,13.0
2020-01-01T00:00:00.000Z,Ingenieurwissenschaften allgemein,weiblich,641.0
2022-01-01T00:00:00.000Z,Raumplanung,weiblich,401.0
2023-01-01T00:00:00.000Z,Gesundheitswissenschaften,männlich,900.0
2019-01-01T00:00:00.000Z,Bildende Kunst,männlich,443.0
2022-01-01T00:00:00.000Z,Chemie,männlich,7139.0
2020-01-01T00:00:00.000Z,Soziale Einrichtungen,weiblich,9.0
2022-01-01T00:00:00.000Z,Gesundheitswissenschaften,männlich,857.0
2020-01-01T00:00:00.000Z,"Mathematik, Naturwissenschaften allgemein",weiblich,302.0
2020-01-01T00:00:00.000Z,Islamische Studien/Islamische Theologie,weiblich,64.0
2022-01-01T00:00:00.000Z,Informatik,männlich,10206.0
2019-01-01T00:00:00.000Z,Wirtschaftsingenieurw. mit wirtschaftsw. Schwerp.,männlich,644.0
2020-01-01T00:00:00.000Z,Ernährungs- und Haushaltswissenschaften,weiblich,433.0
2021-01-01T00:00:00.000Z,"Kliniken insgesamt, Zentrale Dienste",weiblich,1357.0
2020-01-01T00:00:00.000Z,Zentrale wissenschaftliche Einrichtungen,männlich,3832.0
2023-01-01T00:00:00.000Z,Humanmedizin allgemein,männlich,552.0
2019-01-01T00:00:00.000Z,"Rechts-, Wirtschafts- u.Sozialwissenschaften allg.",männlich,658.0
2022-01-01T00:00:00.000Z,Hochschulrechenzentrum,weiblich,252.0
2021-01-01T00:00:00.000Z,Verwaltungswissenschaften,weiblich,764.0
2021-01-01T00:00:00.000Z,"Verkehrstechnik, Nautik",männlich,2076.0
2020-01-01T00:00:00.000Z,Soziale Einrichtungen der Kliniken,männlich,7.0
2021-01-01T00:00:00.000Z,Allg. und vergl. Literatur- und Sprachwissenschaft,männlich,630.0
2021-01-01T00:00:00.000Z,"Physik, Astronomie",männlich,9165.0
2019-01-01T00:00:00.000Z,"Forstwissenschaft, Holzwirtschaft",weiblich,255.0
2019-01-01T00:00:00.000Z,Wirtschaftsingenieurw. mit ingenieurw. Schwerpunkt,männlich,384.0
2023-01-01T00:00:00.000Z,Katholische Theologie,männlich,562.0
2022-01-01T00:00:00.000Z,Wirtschaftsingenieurw. mit wirtschaftsw. Schwerp.,weiblich,248.0
2023-01-01T00:00:00.000Z,"Verkehrstechnik, Nautik",weiblich,332.0
2023-01-01T00:00:00.000Z,Kulturwissenschaften i.e.S.,männlich,221.0
2020-01-01T00:00:00.000Z,Klinisch-theor. Humanmedizin (einschl.Zahnmedizin),männlich,6029.0
2022-01-01T00:00:00.000Z,Zentralbibliothek,männlich,213.0
2022-01-01T00:00:00.000Z,Allg. und vergl. Literatur- und Sprachwissenschaft,männlich,638.0
2023-01-01T00:00:00.000Z,Geographie,männlich,1108.0
2022-01-01T00:00:00.000Z,Rechtswissenschaften,weiblich,2233.0
2021-01-01T00:00:00.000Z,"Kliniken insgesamt, Zentrale Dienste",männlich,1108.0
2023-01-01T00:00:00.000Z,Vermessungswesen,männlich,509.0
2023-01-01T00:00:00.000Z,Elektro- und Informationstechnik,weiblich,1618.0
2019-01-01T00:00:00.000Z,Verwaltungswissenschaften,weiblich,710.0
2020-01-01T00:00:00.000Z,Klinisch-theoretische Veterinärmedizin,männlich,229.0
2019-01-01T00:00:00.000Z,"Agrarwissensch., Lebensmittel- u. Getränketechnik",weiblich,1337.0
2023-01-01T00:00:00.000Z,Sozialwissenschaften/Soziologie,männlich,1584.0
2023-01-01T00:00:00.000Z,Zentrale Hochschulverwaltung,männlich,1682.0
2021-01-01T00:00:00.000Z,Materialwissenschaft und Werkstofftechnik,männlich,1457.0
2019-01-01T00:00:00.000Z,Ingenieurwissenschaften allgemein,weiblich,617.0
2023-01-01T00:00:00.000Z,Chemie,weiblich,3684.0
2022-01-01T00:00:00.000Z,"Musik, Musikwissenschaft",weiblich,1188.0
2019-01-01T00:00:00.000Z,Elektro- und Informationstechnik,männlich,7865.0
2019-01-01T00:00:00.000Z,Soziale Einrichtungen der Kliniken,weiblich,15.0
2021-01-01T00:00:00.000Z,"Forstwissenschaft, Holzwirtschaft",weiblich,299.0
2022-01-01T00:00:00.000Z,Vorklinische Veterinärmedizin,männlich,110.0
2022-01-01T00:00:00.000Z,Zentrale wissenschaftliche Einrichtungen,männlich,4007.0
2023-01-01T00:00:00.000Z,Sport,weiblich,992.0
2022-01-01T00:00:00.000Z,Soziale Einrichtungen der Kliniken,männlich,4.0
2023-01-01T00:00:00.000Z,"Slawistik, Baltistik, Finno-Ugristik",männlich,156.0
2019-01-01T00:00:00.000Z,Mathematik,männlich,4650.0
2020-01-01T00:00:00.000Z,Klinisch-prakt. Humanmedizin (ohne Zahnmedizin),männlich,23020.0
2023-01-01T00:00:00.000Z,Informatik,weiblich,2854.0
2020-01-01T00:00:00.000Z,"Rechts-, Wirtschafts- u.Sozialwissenschaften allg.",weiblich,306.0
2019-01-01T00:00:00.000Z,Informatik,männlich,8958.0
2023-01-01T00:00:00.000Z,Sozialwesen,männlich,1044.0
2019-01-01T00:00:00.000Z,"Landespflege, Umweltgestaltung",weiblich,237.0
2021-01-01T00:00:00.000Z,Katholische Theologie,männlich,587.0
2019-01-01T00:00:00.000Z,Chemie,männlich,7493.0
2022-01-01T00:00:00.000Z,Wirtschaftswissenschaften,weiblich,5954.0
2019-01-01T00:00:00.000Z,Soziale Einrichtungen,männlich,14.0
2021-01-01T00:00:00.000Z,Maschinenbau/Verfahrenstechnik,männlich,13777.0
2021-01-01T00:00:00.000Z,Philosophie,weiblich,650.0
2022-01-01T00:00:00.000Z,"Anglistik, Amerikanistik",weiblich,1391.0
2019-01-01T00:00:00.000Z,Übrige Ausbildungseinrichtungen,männlich,227.0
2021-01-01T00:00:00.000Z,Zentral verwaltete Hörsäle und Lehrräume,weiblich,
2022-01-01T00:00:00.000Z,Klinisch-praktische Veterinärmedizin,weiblich,531.0
2021-01-01T00:00:00.000Z,Wirtschaftswissenschaften,weiblich,5871.0
2022-01-01T00:00:00.000Z,Verwaltungswissenschaften,weiblich,794.0
2021-01-01T00:00:00.000Z,Humanmedizin allgemein,männlich,790.0
2023-01-01T00:00:00.000Z,"Germanistik (Deutsch, germ. Sprachen o. Anglistik)",männlich,1322.0
2022-01-01T00:00:00.000Z,Informations- und Bibliothekswissenschaften,männlich,79.0
2023-01-01T00:00:00.000Z,Geisteswissenschaften allgemein,weiblich,536.0
2021-01-01T00:00:00.000Z,Zentrale Hochschulverwaltung,weiblich,2054.0
2020-01-01T00:00:00.000Z,Zentralbibliothek,männlich,227.0
2019-01-01T00:00:00.000Z,Ernährungs- und Haushaltswissenschaften,weiblich,382.0
2019-01-01T00:00:00.000Z,"Mathematik, Naturwissenschaften allgemein",weiblich,276.0
2023-01-01T00:00:00.000Z,Erziehungswissenschaften,weiblich,4535.0
2023-01-01T00:00:00.000Z,Vorklinische Veterinärmedizin,männlich,109.0
2021-01-01T00:00:00.000Z,Zentrale Hochschulverwaltung,männlich,1547.0
2019-01-01T00:00:00.000Z,Pharmazie,weiblich,733.0
2020-01-01T00:00:00.000Z,"Physik, Astronomie",weiblich,2118.0
2022-01-01T00:00:00.000Z,Bildende Kunst,männlich,440.0
2019-01-01T00:00:00.000Z,Materialwissenschaft und Werkstofftechnik,weiblich,431.0
2020-01-01T00:00:00.000Z,Sozialwissenschaften/Soziologie,männlich,1601.0
2023-01-01T00:00:00.000Z,Zentral verwaltete Hörsäle und Lehrräume,weiblich,
2019-01-01T00:00:00.000Z,Zentral verwaltete Hörsäle und Lehrräume,männlich,
2023-01-01T00:00:00.000Z,Wirtschaftsingenieurw. mit wirtschaftsw. Schwerp.,männlich,634.0
2021-01-01T00:00:00.000Z,Gestaltung,weiblich,738.0
2021-01-01T00:00:00.000Z,Chemie,weiblich,3565.0
2020-01-01T00:00:00.000Z,Regionalwissenschaften,männlich,76.0
2021-01-01T00:00:00.000Z,Psychologie,männlich,2203.0
2020-01-01T00:00:00.000Z,"Kliniken insgesamt, Zentrale Dienste",weiblich,949.0
2020-01-01T00:00:00.000Z,Mathematik,weiblich,1561.0
2021-01-01T00:00:00.000Z,Altphilologie (klassische Philologie),weiblich,178.0
2023-01-01T00:00:00.000Z,"Landespflege, Umweltgestaltung",weiblich,233.0
2022-01-01T00:00:00.000Z,Politikwissenschaft,weiblich,967.0
2019-01-01T00:00:00.000Z,Mit der Klinik verbundene u.klinikfremde Einricht.,männlich,15.0
2020-01-01T00:00:00.000Z,Zahnmedizin (klinisch-praktisch),weiblich,995.0
2022-01-01T00:00:00.000Z,"Darstellende Kunst, Film u.Fernsehen, Theaterwiss.",männlich,370.0
2021-01-01T00:00:00.000Z,"Agrarwissensch., Lebensmittel- u. Getränketechnik",männlich,1556.0
2021-01-01T00:00:00.000Z,Biologie,weiblich,4685.0
2021-01-01T00:00:00.000Z,"Musik, Musikwissenschaft",weiblich,1116.0
2020-01-01T00:00:00.000Z,Islamische Studien/Islamische Theologie,männlich,105.0
2022-01-01T00:00:00.000Z,Bauingenieurwesen,weiblich,1326.0
2019-01-01T00:00:00.000Z,Sonstige Sprach- und Kulturwissenschaften,männlich,726.0
2019-01-01T00:00:00.000Z,"Physik, Astronomie",weiblich,2035.0
2022-01-01T00:00:00.000Z,Altphilologie (klassische Philologie),männlich,277.0
2020-01-01T00:00:00.000Z,Vermessungswesen,männlich,442.0
2021-01-01T00:00:00.000Z,"Verkehrstechnik, Nautik",weiblich,275.0
2022-01-01T00:00:00.000Z,Hochschulrechenzentrum,männlich,854.0
2019-01-01T00:00:00.000Z,Hochschulrechenzentrum,männlich,856.0
2022-01-01T00:00:00.000Z,Islamische Studien/Islamische Theologie,männlich,87.0
2023-01-01T00:00:00.000Z,Humanmedizin allgemein,weiblich,624.0
2019-01-01T00:00:00.000Z,Gestaltung,weiblich,641.0
2020-01-01T00:00:00.000Z,Übrige Ausbildungseinrichtungen,weiblich,322.0
2022-01-01T00:00:00.000Z,Architektur,weiblich,1109.0
2019-01-01T00:00:00.000Z,Bauingenieurwesen,weiblich,1247.0
2021-01-01T00:00:00.000Z,Klinisch-theoretische Veterinärmedizin,männlich,245.0
2020-01-01T00:00:00.000Z,Gestaltung,männlich,944.0
2023-01-01T00:00:00.000Z,Klinisch-theoretische Veterinärmedizin,weiblich,368.0
2021-01-01T00:00:00.000Z,Veterinärmedizin allgemein,männlich,
2019-01-01T00:00:00.000Z,Geographie,männlich,1100.0
2020-01-01T00:00:00.000Z,Sport,weiblich,925.0
2022-01-01T00:00:00.000Z,"Bergbau, Hüttenwesen",männlich,400.0
2022-01-01T00:00:00.000Z,Zentrale Hochschulverwaltung,weiblich,2203.0
2021-01-01T00:00:00.000Z,Wirtschaftsingenieurw. mit ingenieurw. Schwerpunkt,weiblich,173.0
2022-01-01T00:00:00.000Z,"Rechts-, Wirtschafts- u.Sozialwissenschaften allg.",männlich,421.0
2019-01-01T00:00:00.000Z,"Germanistik (Deutsch, germ. Sprachen o. Anglistik)",weiblich,2188.0
2023-01-01T00:00:00.000Z,Geographie,weiblich,839.0
2019-01-01T00:00:00.000Z,Vermessungswesen,männlich,451.0
2021-01-01T00:00:00.000Z,Kommunikationswissenschaft/Publizistik,männlich,350.0
2019-01-01T00:00:00.000Z,Kulturwissenschaften i.e.S.,weiblich,320.0
2019-01-01T00:00:00.000Z,Sozialwissenschaften/Soziologie,männlich,1566.0
2020-01-01T00:00:00.000Z,Zentrale wissenschaftliche Einrichtungen,weiblich,3989.0
2023-01-01T00:00:00.000Z,Sozialwissenschaften/Soziologie,weiblich,1711.0
2022-01-01T00:00:00.000Z,Sonderpädagogik,weiblich,
2020-01-01T00:00:00.000Z,Zentral verwaltete Hörsäle und Lehrräume,männlich,
2023-01-01T00:00:00.000Z,Zentrale wissenschaftliche Einrichtungen,männlich,4119.0
2023-01-01T00:00:00.000Z,Vermessungswesen,weiblich,208.0
2020-01-01T00:00:00.000Z,Pharmazie,weiblich,735.0
2022-01-01T00:00:00.000Z,Katholische Theologie,männlich,573.0
2019-01-01T00:00:00.000Z,Erziehungswissenschaften,männlich,2095.0
2021-01-01T00:00:00.000Z,Sozialwesen,männlich,1045.0
2022-01-01T00:00:00.000Z,Zentral verwaltete Hörsäle und Lehrräume,männlich,
2023-01-01T00:00:00.000Z,Wirtschaftsingenieurw. mit ingenieurw. Schwerpunkt,männlich,479.0
2019-01-01T00:00:00.000Z,Elektro- und Informationstechnik,weiblich,1232.0
2022-01-01T00:00:00.000Z,"Forstwissenschaft, Holzwirtschaft",männlich,408.0
2019-01-01T00:00:00.000Z,Ingenieurwissenschaften allgemein,männlich,1665.0
2020-01-01T00:00:00.000Z,Biologie,männlich,5063.0
2020-01-01T00:00:00.000Z,Evangelische Theologie,weiblich,478.0
2019-01-01T00:00:00.000Z,Soziale Einrichtungen der Kliniken,männlich,5.0
2022-01-01T00:00:00.000Z,Ingenieurwissenschaften allgemein,weiblich,721.0
2022-01-01T00:00:00.000Z,Pharmazie,weiblich,770.0
2020-01-01T00:00:00.000Z,"Bergbau, Hüttenwesen",weiblich,133.0
2019-01-01T00:00:00.000Z,Zentrale wissenschaftliche Einrichtungen,weiblich,3810.0
2022-01-01T00:00:00.000Z,"Agrarwissensch., Lebensmittel- u. Getränketechnik",weiblich,1244.0
2021-01-01T00:00:00.000Z,Vermessungswesen,weiblich,186.0
2022-01-01T00:00:00.000Z,Vorklinische Humanmedizin (einschl. Zahnmedizin),weiblich,2350.0
2019-01-01T00:00:00.000Z,Gesundheitswissenschaften,männlich,716.0
2020-01-01T00:00:00.000Z,Sonderpädagogik,weiblich,
2020-01-01T00:00:00.000Z,Klinisch-prakt. Humanmedizin (ohne Zahnmedizin),weiblich,24088.0
2020-01-01T00:00:00.000Z,Wirtschaftswissenschaften,weiblich,5758.0
2022-01-01T00:00:00.000Z,Elektro- und Informationstechnik,männlich,7934.0
2019-01-01T00:00:00.000Z,Biologie,männlich,5052.0
2023-01-01T00:00:00.000Z,Mit der Klinik verbundene u.klinikfremde Einricht.,männlich,12.0
2020-01-01T00:00:00.000Z,Chemie,männlich,7456.0
2019-01-01T00:00:00.000Z,Allg. und vergl. Literatur- und Sprachwissenschaft,weiblich,927.0
2021-01-01T00:00:00.000Z,Klinisch-praktische Veterinärmedizin,männlich,196.0
2019-01-01T00:00:00.000Z,Mathematik,weiblich,1629.0
2022-01-01T00:00:00.000Z,Philosophie,männlich,1091.0
2023-01-01T00:00:00.000Z,Kommunikationswissenschaft/Publizistik,männlich,360.0
2022-01-01T00:00:00.000Z,Zahnmedizin (klinisch-praktisch),männlich,1083.0
2021-01-01T00:00:00.000Z,"Mathematik, Naturwissenschaften allgemein",männlich,593.0
2021-01-01T00:00:00.000Z,Romanistik,weiblich,822.0
2021-01-01T00:00:00.000Z,Katholische Theologie,weiblich,348.0
2019-01-01T00:00:00.000Z,Politikwissenschaft,weiblich,741.0
2021-01-01T00:00:00.000Z,Sonderpädagogik,weiblich,
2021-01-01T00:00:00.000Z,Maschinenbau/Verfahrenstechnik,weiblich,3365.0
2021-01-01T00:00:00.000Z,Evangelische Theologie,weiblich,472.0
2023-01-01T00:00:00.000Z,Soziale Einrichtungen,weiblich,9.0
2021-01-01T00:00:00.000Z,Mit der Klinik verbundene u.klinikfremde Einricht.,weiblich,20.0
2023-01-01T00:00:00.000Z,Klinisch-theor. Humanmedizin (einschl.Zahnmedizin),männlich,6397.0
2022-01-01T00:00:00.000Z,Informations- und Bibliothekswissenschaften,weiblich,85.0
2021-01-01T00:00:00.000Z,Wirtschaftsingenieurw. mit wirtschaftsw. Schwerp.,männlich,654.0
2023-01-01T00:00:00.000Z,"Bergbau, Hüttenwesen",weiblich,151.0
2020-01-01T00:00:00.000Z,Zentrale Betriebs- und Versorgungseinrichtungen,weiblich,114.0
2020-01-01T00:00:00.000Z,"Germanistik (Deutsch, germ. Sprachen o. Anglistik)",männlich,1389.0
2023-01-01T00:00:00.000Z,Philosophie,männlich,1019.0
2023-01-01T00:00:00.000Z,Ernährungs- und Haushaltswissenschaften,männlich,208.0
2021-01-01T00:00:00.000Z,Übrige Ausbildungseinrichtungen,männlich,219.0
2019-01-01T00:00:00.000Z,"Slawistik, Baltistik, Finno-Ugristik",männlich,166.0
2022-01-01T00:00:00.000Z,Mit der Klinik verbundene u.klinikfremde Einricht.,weiblich,23.0
2022-01-01T00:00:00.000Z,Klinisch-praktische Veterinärmedizin,männlich,195.0
2022-01-01T00:00:00.000Z,Sport,weiblich,998.0
2021-01-01T00:00:00.000Z,"Landespflege, Umweltgestaltung",weiblich,257.0
2020-01-01T00:00:00.000Z,Philosophie,weiblich,635.0
2022-01-01T00:00:00.000Z,"Physik, Astronomie",männlich,9074.0
2019-01-01T00:00:00.000Z,Altphilologie (klassische Philologie),männlich,297.0
2020-01-01T00:00:00.000Z,Bauingenieurwesen,weiblich,1263.0
2020-01-01T00:00:00.000Z,"Forstwissenschaft, Holzwirtschaft",weiblich,259.0
2022-01-01T00:00:00.000Z,Soziale Einrichtungen,weiblich,5.0
2021-01-01T00:00:00.000Z,Ernährungs- und Haushaltswissenschaften,männlich,262.0
2023-01-01T00:00:00.000Z,Raumplanung,männlich,368.0
2019-01-01T00:00:00.000Z,Medienwissenschaft,männlich,
2021-01-01T00:00:00.000Z,Geowissenschaften (ohne Geographie),männlich,2102.0
2021-01-01T00:00:00.000Z,Ingenieurwissenschaften allgemein,weiblich,707.0
2019-01-01T00:00:00.000Z,Wirtschaftswissenschaften,männlich,10867.0
2020-01-01T00:00:00.000Z,"Musik, Musikwissenschaft",weiblich,1081.0
2022-01-01T00:00:00.000Z,Materialwissenschaft und Werkstofftechnik,männlich,1439.0
2020-01-01T00:00:00.000Z,Vorklinische Humanmedizin (einschl. Zahnmedizin),männlich,2150.0
2021-01-01T00:00:00.000Z,Vorklinische Humanmedizin (einschl. Zahnmedizin),männlich,2102.0
2019-01-01T00:00:00.000Z,"Kunst, Kunstwissenschaft allgemein",männlich,506.0
2022-01-01T00:00:00.000Z,Ernährungs- und Haushaltswissenschaften,weiblich,416.0
2019-01-01T00:00:00.000Z,"Forstwissenschaft, Holzwirtschaft",männlich,469.0
2019-01-01T00:00:00.000Z,Übrige Ausbildungseinrichtungen der Kliniken,weiblich,89.0
2023-01-01T00:00:00.000Z,"Kliniken insgesamt, Zentrale Dienste",männlich,1165.0
2023-01-01T00:00:00.000Z,Bildende Kunst,männlich,440.0
2021-01-01T00:00:00.000Z,"Agrar-, Forst- und Ernährungswissenschaften allg.",männlich,169.0
2021-01-01T00:00:00.000Z,Hochschulrechenzentrum,männlich,842.0
2022-01-01T00:00:00.000Z,Geisteswissenschaften allgemein,weiblich,522.0
2020-01-01T00:00:00.000Z,"Landespflege, Umweltgestaltung",männlich,305.0
2021-01-01T00:00:00.000Z,Kulturwissenschaften i.e.S.,männlich,237.0
2020-01-01T00:00:00.000Z,Übrige Ausbildungseinrichtungen der Kliniken,weiblich,142.0
2019-01-01T00:00:00.000Z,Humanmedizin allgemein,weiblich,322.0
2020-01-01T00:00:00.000Z,Politikwissenschaft,weiblich,792.0
2019-01-01T00:00:00.000Z,Klinisch-prakt. Humanmedizin (ohne Zahnmedizin),weiblich,22762.0
2022-01-01T00:00:00.000Z,Psychologie,weiblich,3586.0
2022-01-01T00:00:00.000Z,Sonstige Sprach- und Kulturwissenschaften,männlich,709.0
2019-01-01T00:00:00.000Z,Zahnmedizin (klinisch-praktisch),weiblich,955.0
2022-01-01T00:00:00.000Z,Mit der Hochschule verb. u. hochschulfr. Einricht.,weiblich,112.0
2019-01-01T00:00:00.000Z,Vorklinische Humanmedizin (einschl. Zahnmedizin),männlich,2166.0
2021-01-01T00:00:00.000Z,"Kunst, Kunstwissenschaft allgemein",männlich,441.0
2019-01-01T00:00:00.000Z,Sozialwesen,weiblich,1521.0
2023-01-01T00:00:00.000Z,Psychologie,männlich,2205.0
2022-01-01T00:00:00.000Z,Übrige Ausbildungseinrichtungen,männlich,236.0
2019-01-01T00:00:00.000Z,Evangelische Theologie,männlich,697.0
2020-01-01T00:00:00.000Z,"Verkehrstechnik, Nautik",männlich,2046.0
2019-01-01T00:00:00.000Z,"Kliniken insgesamt, Zentrale Dienste",männlich,620.0
2020-01-01T00:00:00.000Z,Humanmedizin allgemein,weiblich,442.0
2023-01-01T00:00:00.000Z,"Mathematik, Naturwissenschaften allgemein",männlich,592.0
2023-01-01T00:00:00.000Z,Ingenieurwissenschaften allgemein,männlich,1914.0
2020-01-01T00:00:00.000Z,"Agrar-, Forst- und Ernährungswissenschaften allg.",männlich,158.0
2021-01-01T00:00:00.000Z,Klinisch-prakt. Humanmedizin (ohne Zahnmedizin),weiblich,24687.0
2021-01-01T00:00:00.000Z,Politikwissenschaft,männlich,1198.0
2019-01-01T00:00:00.000Z,Klinisch-praktische Veterinärmedizin,männlich,204.0
2019-01-01T00:00:00.000Z,"Bergbau, Hüttenwesen",weiblich,138.0
2021-01-01T00:00:00.000Z,"Rechts-, Wirtschafts- u.Sozialwissenschaften allg.",männlich,377.0
2023-01-01T00:00:00.000Z,Romanistik,männlich,418.0
2020-01-01T00:00:00.000Z,Katholische Theologie,weiblich,343.0
2019-01-01T00:00:00.000Z,Raumplanung,männlich,353.0
2021-01-01T00:00:00.000Z,Informations- und Bibliothekswissenschaften,männlich,87.0
2021-01-01T00:00:00.000Z,Zahnmedizin (klinisch-praktisch),männlich,1079.0
2021-01-01T00:00:00.000Z,Bauingenieurwesen,männlich,3572.0
2019-01-01T00:00:00.000Z,Geschichte,männlich,1889.0
2019-01-01T00:00:00.000Z,Regionalwissenschaften,männlich,86.0
2020-01-01T00:00:00.000Z,Informatik,männlich,9533.0
2019-01-01T00:00:00.000Z,"Agrar-, Forst- und Ernährungswissenschaften allg.",männlich,102.0
2020-01-01T00:00:00.000Z,Gesundheitswissenschaften,männlich,775.0
2021-01-01T00:00:00.000Z,Gesundheitswissenschaften,männlich,823.0
2023-01-01T00:00:00.000Z,Veterinärmedizin allgemein,weiblich,10.0
2023-01-01T00:00:00.000Z,"Darstellende Kunst, Film u.Fernsehen, Theaterwiss.",weiblich,427.0
2022-01-01T00:00:00.000Z,"Landespflege, Umweltgestaltung",männlich,247.0
2020-01-01T00:00:00.000Z,Geowissenschaften (ohne Geographie),weiblich,1032.0
2023-01-01T00:00:00.000Z,Islamische Studien/Islamische Theologie,männlich,80.0
2023-01-01T00:00:00.000Z,Informations- und Bibliothekswissenschaften,weiblich,86.0
2020-01-01T00:00:00.000Z,Romanistik,weiblich,835.0
2022-01-01T00:00:00.000Z,Rechtswissenschaften,männlich,3586.0
2020-01-01T00:00:00.000Z,Psychologie,weiblich,3302.0
2020-01-01T00:00:00.000Z,"Landespflege, Umweltgestaltung",weiblich,233.0
2019-01-01T00:00:00.000Z,Kommunikationswissenschaft/Publizistik,weiblich,
2020-01-01T00:00:00.000Z,Zentrale Hochschulverwaltung,weiblich,2027.0
2022-01-01T00:00:00.000Z,Altphilologie (klassische Philologie),weiblich,179.0
2021-01-01T00:00:00.000Z,Bildende Kunst,männlich,436.0
2022-01-01T00:00:00.000Z,Architektur,männlich,1663.0
2021-01-01T00:00:00.000Z,Übrige Ausbildungseinrichtungen der Kliniken,weiblich,153.0
2019-01-01T00:00:00.000Z,Zentralbibliothek,weiblich,229.0
2020-01-01T00:00:00.000Z,Ingenieurwissenschaften allgemein,männlich,1712.0
2023-01-01T00:00:00.000Z,Übrige Ausbildungseinrichtungen,männlich,221.0
2019-01-01T00:00:00.000Z,Gestaltung,männlich,917.0
2023-01-01T00:00:00.000Z,Wirtschaftsingenieurw. mit ingenieurw. Schwerpunkt,weiblich,185.0
2020-01-01T00:00:00.000Z,Maschinenbau/Verfahrenstechnik,männlich,14010.0
2021-01-01T00:00:00.000Z,Mit der Hochschule verb. u. hochschulfr. Einricht.,weiblich,120.0
2019-01-01T00:00:00.000Z,Vorklinische Veterinärmedizin,weiblich,161.0
2019-01-01T00:00:00.000Z,Hochschulrechenzentrum,weiblich,213.0
2022-01-01T00:00:00.000Z,"Mathematik, Naturwissenschaften allgemein",weiblich,326.0
2019-01-01T00:00:00.000Z,Übrige Ausbildungseinrichtungen der Kliniken,männlich,16.0
2020-01-01T00:00:00.000Z,Gestaltung,weiblich,683.0
2020-01-01T00:00:00.000Z,"Slawistik, Baltistik, Finno-Ugristik",männlich,165.0
2020-01-01T00:00:00.000Z,Mathematik,männlich,4396.0
2019-01-01T00:00:00.000Z,Philosophie,weiblich,592.0
2022-01-01T00:00:00.000Z,Übrige Ausbildungseinrichtungen der Kliniken,männlich,49.0
2021-01-01T00:00:00.000Z,Altphilologie (klassische Philologie),männlich,287.0
2023-01-01T00:00:00.000Z,Rechtswissenschaften,weiblich,2223.0
2022-01-01T00:00:00.000Z,Mit der Hochschule verb. u. hochschulfr. Einricht.,männlich,140.0
2020-01-01T00:00:00.000Z,Geisteswissenschaften allgemein,weiblich,549.0
2020-01-01T00:00:00.000Z,"Kliniken insgesamt, Zentrale Dienste",männlich,695.0
2020-01-01T00:00:00.000Z,Sonstige Sprach- und Kulturwissenschaften,männlich,728.0
2022-01-01T00:00:00.000Z,"Bergbau, Hüttenwesen",weiblich,158.0
2019-01-01T00:00:00.000Z,Vorklinische Humanmedizin (einschl. Zahnmedizin),weiblich,2230.0
2021-01-01T00:00:00.000Z,Kommunikationswissenschaft/Publizistik,weiblich,410.0
2019-01-01T00:00:00.000Z,"Germanistik (Deutsch, germ. Sprachen o. Anglistik)",männlich,1389.0
2022-01-01T00:00:00.000Z,Humanmedizin allgemein,weiblich,658.0
2022-01-01T00:00:00.000Z,Maschinenbau/Verfahrenstechnik,weiblich,3423.0
2019-01-01T00:00:00.000Z,Kulturwissenschaften i.e.S.,männlich,252.0
2020-01-01T00:00:00.000Z,Mit der Klinik verbundene u.klinikfremde Einricht.,männlich,23.0
2020-01-01T00:00:00.000Z,Wirtschaftsingenieurw. mit wirtschaftsw. Schwerp.,männlich,672.0
2020-01-01T00:00:00.000Z,Erziehungswissenschaften,weiblich,4316.0
2020-01-01T00:00:00.000Z,Geographie,weiblich,808.0
2019-01-01T00:00:00.000Z,"Verkehrstechnik, Nautik",weiblich,223.0
2021-01-01T00:00:00.000Z,Sozialwissenschaften/Soziologie,männlich,1605.0
2020-01-01T00:00:00.000Z,Geowissenschaften (ohne Geographie),männlich,2079.0
2019-01-01T00:00:00.000Z,Zentralbibliothek,männlich,209.0
2021-01-01T00:00:00.000Z,Allg. und vergl. Literatur- und Sprachwissenschaft,weiblich,1026.0
2020-01-01T00:00:00.000Z,"Slawistik, Baltistik, Finno-Ugristik",weiblich,287.0
2022-01-01T00:00:00.000Z,Zentralbibliothek,weiblich,261.0
2021-01-01T00:00:00.000Z,Bildende Kunst,weiblich,375.0
2023-01-01T00:00:00.000Z,Kommunikationswissenschaft/Publizistik,weiblich,434.0
2020-01-01T00:00:00.000Z,Sonderpädagogik,männlich,
2019-01-01T00:00:00.000Z,Kommunikationswissenschaft/Publizistik,männlich,
2019-01-01T00:00:00.000Z,Philosophie,männlich,1076.0
2023-01-01T00:00:00.000Z,Mit der Klinik verbundene u.klinikfremde Einricht.,weiblich,10.0
2019-01-01T00:00:00.000Z,Politikwissenschaft,männlich,1049.0
2019-01-01T00:00:00.000Z,Vorklinische Veterinärmedizin,männlich,106.0
2023-01-01T00:00:00.000Z,Katholische Theologie,weiblich,378.0
2022-01-01T00:00:00.000Z,Wirtschaftsingenieurw. mit wirtschaftsw. Schwerp.,männlich,648.0
2023-01-01T00:00:00.000Z,Wirtschaftswissenschaften,männlich,10746.0
2020-01-01T00:00:00.000Z,Mit der Klinik verbundene u.klinikfremde Einricht.,weiblich,13.0
2023-01-01T00:00:00.000Z,Verwaltungswissenschaften,weiblich,818.0
2019-01-01T00:00:00.000Z,Klinisch-theoretische Veterinärmedizin,weiblich,370.0
2022-01-01T00:00:00.000Z,Kommunikationswissenschaft/Publizistik,männlich,346.0
2021-01-01T00:00:00.000Z,Klinisch-praktische Veterinärmedizin,weiblich,510.0
2022-01-01T00:00:00.000Z,Zentrale Betriebs- und Versorgungseinrichtungen,weiblich,129.0
2020-01-01T00:00:00.000Z,Altphilologie (klassische Philologie),männlich,283.0
2022-01-01T00:00:00.000Z,Humanmedizin allgemein,männlich,603.0
2022-01-01T00:00:00.000Z,Maschinenbau/Verfahrenstechnik,männlich,13282.0
2023-01-01T00:00:00.000Z,"Bergbau, Hüttenwesen",männlich,391.0
2021-01-01T00:00:00.000Z,Soziale Einrichtungen der Kliniken,männlich,3.0
2021-01-01T00:00:00.000Z,Zentrale wissenschaftliche Einrichtungen,männlich,4044.0
2021-01-01T00:00:00.000Z,Architektur,weiblich,1119.0
2020-01-01T00:00:00.000Z,"Germanistik (Deutsch, germ. Sprachen o. Anglistik)",weiblich,2208.0
2021-01-01T00:00:00.000Z,Ingenieurwissenschaften allgemein,männlich,1904.0
2020-01-01T00:00:00.000Z,Mit der Hochschule verb. u. hochschulfr. Einricht.,weiblich,112.0
2022-01-01T00:00:00.000Z,Sozialwesen,männlich,1029.0
2019-01-01T00:00:00.000Z,"Agrarwissensch., Lebensmittel- u. Getränketechnik",männlich,1579.0
2020-01-01T00:00:00.000Z,Klinisch-theoretische Veterinärmedizin,weiblich,374.0
2021-01-01T00:00:00.000Z,Geisteswissenschaften allgemein,männlich,391.0
2022-01-01T00:00:00.000Z,Soziale Einrichtungen,männlich,13.0
2019-01-01T00:00:00.000Z,Verwaltungswissenschaften,männlich,1292.0
2021-01-01T00:00:00.000Z,Pharmazie,weiblich,739.0
2021-01-01T00:00:00.000Z,"Forstwissenschaft, Holzwirtschaft",männlich,468.0
2019-01-01T00:00:00.000Z,Sonderpädagogik,weiblich,
2019-01-01T00:00:00.000Z,Altphilologie (klassische Philologie),weiblich,188.0
2020-01-01T00:00:00.000Z,Geschichte,weiblich,1491.0
2023-01-01T00:00:00.000Z,"Agrarwissensch., Lebensmittel- u. Getränketechnik",weiblich,1321.0
2020-01-01T00:00:00.000Z,Vorklinische Humanmedizin (einschl. Zahnmedizin),weiblich,2323.0
2022-01-01T00:00:00.000Z,Sozialwissenschaften/Soziologie,weiblich,1672.0
2020-01-01T00:00:00.000Z,Sozialwesen,männlich,1030.0
2019-01-01T00:00:00.000Z,Zentrale Hochschulverwaltung,männlich,1429.0
2023-01-01T00:00:00.000Z,Sport,männlich,1180.0
2019-01-01T00:00:00.000Z,Islamische Studien/Islamische Theologie,männlich,94.0
2019-01-01T00:00:00.000Z,Romanistik,männlich,420.0
2023-01-01T00:00:00.000Z,"Agrar-, Forst- und Ernährungswissenschaften allg.",männlich,478.0
2019-01-01T00:00:00.000Z,Bauingenieurwesen,männlich,3482.0
2021-01-01T00:00:00.000Z,Regionalwissenschaften,männlich,75.0
2023-01-01T00:00:00.000Z,Hochschulrechenzentrum,weiblich,245.0
2023-01-01T00:00:00.000Z,Sonderpädagogik,männlich,
2023-01-01T00:00:00.000Z,Übrige Ausbildungseinrichtungen der Kliniken,weiblich,187.0
2022-01-01T00:00:00.000Z,Zentrale Hochschulverwaltung,männlich,1705.0
2021-01-01T00:00:00.000Z,"Bergbau, Hüttenwesen",männlich,419.0
2023-01-01T00:00:00.000Z,"Slawistik, Baltistik, Finno-Ugristik",weiblich,286.0
2019-01-01T00:00:00.000Z,Maschinenbau/Verfahrenstechnik,weiblich,3092.0
2023-01-01T00:00:00.000Z,"Forstwissenschaft, Holzwirtschaft",männlich,391.0
2020-01-01T00:00:00.000Z,Vorklinische Veterinärmedizin,männlich,103.0
2022-01-01T00:00:00.000Z,Zentral verwaltete Hörsäle und Lehrräume,weiblich,
2019-01-01T00:00:00.000Z,Vermessungswesen,weiblich,165.0
2021-01-01T00:00:00.000Z,Islamische Studien/Islamische Theologie,weiblich,68.0
2020-01-01T00:00:00.000Z,Sport,männlich,1171.0
2021-01-01T00:00:00.000Z,Zentrale Betriebs- und Versorgungseinrichtungen,weiblich,136.0
2022-01-01T00:00:00.000Z,Erziehungswissenschaften,weiblich,4502.0
2023-01-01T00:00:00.000Z,"Kunst, Kunstwissenschaft allgemein",männlich,429.0
2019-01-01T00:00:00.000Z,Geisteswissenschaften allgemein,weiblich,743.0
2019-01-01T00:00:00.000Z,Ernährungs- und Haushaltswissenschaften,männlich,197.0
2019-01-01T00:00:00.000Z,Geographie,weiblich,762.0
2021-01-01T00:00:00.000Z,Elektro- und Informationstechnik,weiblich,1483.0
2019-01-01T00:00:00.000Z,Architektur,männlich,1620.0
2022-01-01T00:00:00.000Z,"Agrar-, Forst- und Ernährungswissenschaften allg.",männlich,478.0
2021-01-01T00:00:00.000Z,"Anglistik, Amerikanistik",weiblich,1358.0
2023-01-01T00:00:00.000Z,Soziale Einrichtungen der Kliniken,weiblich,36.0
2021-01-01T00:00:00.000Z,Vorklinische Veterinärmedizin,männlich,108.0
2020-01-01T00:00:00.000Z,"Agrarwissensch., Lebensmittel- u. Getränketechnik",männlich,1568.0
2023-01-01T00:00:00.000Z,Allg. und vergl. Literatur- und Sprachwissenschaft,weiblich,965.0
2019-01-01T00:00:00.000Z,Sozialwissenschaften/Soziologie,weiblich,1600.0
2020-01-01T00:00:00.000Z,Klinisch-praktische Veterinärmedizin,männlich,205.0
2020-01-01T00:00:00.000Z,Materialwissenschaft und Werkstofftechnik,männlich,1476.0
2019-01-01T00:00:00.000Z,"Mathematik, Naturwissenschaften allgemein",männlich,451.0
2022-01-01T00:00:00.000Z,Katholische Theologie,weiblich,354.0
2023-01-01T00:00:00.000Z,Zahnmedizin (klinisch-praktisch),männlich,1093.0
2020-01-01T00:00:00.000Z,Pharmazie,männlich,1003.0
2023-01-01T00:00:00.000Z,Gestaltung,weiblich,774.0
2022-01-01T00:00:00.000Z,"Verkehrstechnik, Nautik",männlich,2201.0
2020-01-01T00:00:00.000Z,Biologie,weiblich,4568.0
2022-01-01T00:00:00.000Z,Veterinärmedizin allgemein,weiblich,12.0
2022-01-01T00:00:00.000Z,"Agrarwissensch., Lebensmittel- u. Getränketechnik",männlich,1402.0
2023-01-01T00:00:00.000Z,Geschichte,weiblich,1521.0
2023-01-01T00:00:00.000Z,"Anglistik, Amerikanistik",männlich,677.0
2019-01-01T00:00:00.000Z,Informations- und Bibliothekswissenschaften,männlich,85.0
2022-01-01T00:00:00.000Z,Evangelische Theologie,weiblich,492.0
2021-01-01T00:00:00.000Z,Vermessungswesen,männlich,479.0
2021-01-01T00:00:00.000Z,Raumplanung,männlich,367.0
2021-01-01T00:00:00.000Z,Sozialwesen,weiblich,1704.0
2022-01-01T00:00:00.000Z,"Forstwissenschaft, Holzwirtschaft",weiblich,261.0
2022-01-01T00:00:00.000Z,Vorklinische Humanmedizin (einschl. Zahnmedizin),männlich,2146.0
2020-01-01T00:00:00.000Z,"Anglistik, Amerikanistik",weiblich,1303.0
2020-01-01T00:00:00.000Z,Architektur,männlich,1620.0
2019-01-01T00:00:00.000Z,Klinisch-theor. Humanmedizin (einschl.Zahnmedizin),männlich,5603.0
2020-01-01T00:00:00.000Z,Rechtswissenschaften,weiblich,2077.0
2023-01-01T00:00:00.000Z,Maschinenbau/Verfahrenstechnik,weiblich,3490.0
2021-01-01T00:00:00.000Z,Geographie,männlich,1046.0
2019-01-01T00:00:00.000Z,Wirtschaftsingenieurw. mit ingenieurw. Schwerpunkt,weiblich,146.0
2021-01-01T00:00:00.000Z,"Physik, Astronomie",weiblich,2221.0
2019-01-01T00:00:00.000Z,Sport,männlich,1175.0
2022-01-01T00:00:00.000Z,Übrige Ausbildungseinrichtungen der Kliniken,weiblich,163.0
2022-01-01T00:00:00.000Z,Klinisch-prakt. Humanmedizin (ohne Zahnmedizin),weiblich,25501.0
2023-01-01T00:00:00.000Z,Klinisch-praktische Veterinärmedizin,männlich,197.0
2020-01-01T00:00:00.000Z,"Bergbau, Hüttenwesen",männlich,402.0
2022-01-01T00:00:00.000Z,Mathematik,weiblich,1674.0
2020-01-01T00:00:00.000Z,"Mathematik, Naturwissenschaften allgemein",männlich,620.0
2023-01-01T00:00:00.000Z,Geowissenschaften (ohne Geographie),männlich,1893.0
2022-01-01T00:00:00.000Z,Regionalwissenschaften,männlich,72.0
2021-01-01T00:00:00.000Z,Geisteswissenschaften allgemein,weiblich,536.0
2019-01-01T00:00:00.000Z,Mit der Hochschule verb. u. hochschulfr. Einricht.,weiblich,119.0
2019-01-01T00:00:00.000Z,Erziehungswissenschaften,weiblich,4089.0
2020-01-01T00:00:00.000Z,Sozialwesen,weiblich,1640.0
2022-01-01T00:00:00.000Z,Raumplanung,männlich,367.0
2020-01-01T00:00:00.000Z,Medienwissenschaft,weiblich,281.0
2023-01-01T00:00:00.000Z,Gesundheitswissenschaften,weiblich,1607.0
2020-01-01T00:00:00.000Z,Allg. und vergl. Literatur- und Sprachwissenschaft,männlich,643.0
2019-01-01T00:00:00.000Z,Geschichte,weiblich,1459.0
2020-01-01T00:00:00.000Z,Romanistik,männlich,424.0
2020-01-01T00:00:00.000Z,Geschichte,männlich,1866.0
2023-01-01T00:00:00.000Z,"Darstellende Kunst, Film u.Fernsehen, Theaterwiss.",männlich,382.0
2023-01-01T00:00:00.000Z,Regionalwissenschaften,männlich,78.0
2022-01-01T00:00:00.000Z,Pharmazie,männlich,1053.0
2020-01-01T00:00:00.000Z,Wirtschaftsingenieurw. mit ingenieurw. Schwerpunkt,männlich,407.0
2023-01-01T00:00:00.000Z,Biologie,männlich,4883.0
2019-01-01T00:00:00.000Z,Zentrale Betriebs- und Versorgungseinrichtungen,weiblich,100.0
2023-01-01T00:00:00.000Z,Mathematik,weiblich,1704.0
2022-01-01T00:00:00.000Z,Ingenieurwissenschaften allgemein,männlich,1886.0
2020-01-01T00:00:00.000Z,Wirtschaftswissenschaften,männlich,11021.0
2020-01-01T00:00:00.000Z,Kommunikationswissenschaft/Publizistik,weiblich,361.0
2021-01-01T00:00:00.000Z,Erziehungswissenschaften,weiblich,4371.0
2021-01-01T00:00:00.000Z,Medienwissenschaft,weiblich,300.0
2022-01-01T00:00:00.000Z,Vermessungswesen,männlich,512.0
2019-01-01T00:00:00.000Z,Allg. und vergl. Literatur- und Sprachwissenschaft,männlich,619.0
2022-01-01T00:00:00.000Z,Gestaltung,weiblich,768.0
2023-01-01T00:00:00.000Z,Soziale Einrichtungen,männlich,9.0
2021-01-01T00:00:00.000Z,Geschichte,männlich,1818.0
2020-01-01T00:00:00.000Z,Veterinärmedizin allgemein,männlich,
2019-01-01T00:00:00.000Z,Psychologie,weiblich,3279.0
2023-01-01T00:00:00.000Z,Zentrale Betriebs- und Versorgungseinrichtungen,weiblich,129.0
2020-01-01T00:00:00.000Z,"Physik, Astronomie",männlich,9038.0
2023-01-01T00:00:00.000Z,"Rechts-, Wirtschafts- u.Sozialwissenschaften allg.",weiblich,395.0
2023-01-01T00:00:00.000Z,"Agrar-, Forst- und Ernährungswissenschaften allg.",weiblich,361.0
2020-01-01T00:00:00.000Z,Mit der Hochschule verb. u. hochschulfr. Einricht.,männlich,146.0
2020-01-01T00:00:00.000Z,Zentral verwaltete Hörsäle und Lehrräume,weiblich,
2022-01-01T00:00:00.000Z,Romanistik,männlich,426.0
2020-01-01T00:00:00.000Z,Kulturwissenschaften i.e.S.,männlich,226.0
2021-01-01T00:00:00.000Z,Zentrale wissenschaftliche Einrichtungen,weiblich,4083.0
2021-01-01T00:00:00.000Z,Zentralbibliothek,weiblich,249.0
2019-01-01T00:00:00.000Z,"Darstellende Kunst, Film u.Fernsehen, Theaterwiss.",männlich,385.0
2019-01-01T00:00:00.000Z,"Anglistik, Amerikanistik",weiblich,1280.0
2020-01-01T00:00:00.000Z,Altphilologie (klassische Philologie),weiblich,181.0
2020-01-01T00:00:00.000Z,Bildende Kunst,weiblich,338.0
2022-01-01T00:00:00.000Z,Bildende Kunst,weiblich,396.0
2022-01-01T00:00:00.000Z,Mit der Klinik verbundene u.klinikfremde Einricht.,männlich,25.0
2019-01-01T00:00:00.000Z,Rechtswissenschaften,männlich,3502.0
2022-01-01T00:00:00.000Z,"Verkehrstechnik, Nautik",weiblich,308.0
2020-01-01T00:00:00.000Z,Sozialwissenschaften/Soziologie,weiblich,1671.0
2023-01-01T00:00:00.000Z,Gestaltung,männlich,983.0
2019-01-01T00:00:00.000Z,Katholische Theologie,männlich,602.0
2021-01-01T00:00:00.000Z,Gestaltung,männlich,994.0
2020-01-01T00:00:00.000Z,"Agrarwissensch., Lebensmittel- u. Getränketechnik",weiblich,1328.0
2022-01-01T00:00:00.000Z,Klinisch-theoretische Veterinärmedizin,weiblich,361.0
2021-01-01T00:00:00.000Z,Rechtswissenschaften,weiblich,2189.0
2021-01-01T00:00:00.000Z,Sozialwissenschaften/Soziologie,weiblich,1733.0
2020-01-01T00:00:00.000Z,"Anglistik, Amerikanistik",männlich,707.0
2022-01-01T00:00:00.000Z,"Kliniken insgesamt, Zentrale Dienste",männlich,1058.0
2022-01-01T00:00:00.000Z,Sport,männlich,1215.0
2022-01-01T00:00:00.000Z,Biologie,männlich,4960.0
2020-01-01T00:00:00.000Z,"Forstwissenschaft, Holzwirtschaft",männlich,459.0
2021-01-01T00:00:00.000Z,"Slawistik, Baltistik, Finno-Ugristik",männlich,147.0
2020-01-01T00:00:00.000Z,Vermessungswesen,weiblich,158.0
2021-01-01T00:00:00.000Z,Vorklinische Humanmedizin (einschl. Zahnmedizin),weiblich,2239.0
2020-01-01T00:00:00.000Z,Informations- und Bibliothekswissenschaften,männlich,90.0
2023-01-01T00:00:00.000Z,Medienwissenschaft,weiblich,324.0
2019-01-01T00:00:00.000Z,Veterinärmedizin allgemein,weiblich,5.0
2019-01-01T00:00:00.000Z,Informations- und Bibliothekswissenschaften,weiblich,81.0
2023-01-01T00:00:00.000Z,Vorklinische Humanmedizin (einschl. Zahnmedizin),weiblich,2424.0
2023-01-01T00:00:00.000Z,Informatik,männlich,10600.0
2022-01-01T00:00:00.000Z,Psychologie,männlich,2200.0
2021-01-01T00:00:00.000Z,Geographie,weiblich,813.0
2023-01-01T00:00:00.000Z,Bildende Kunst,weiblich,413.0
2021-01-01T00:00:00.000Z,"Agrar-, Forst- und Ernährungswissenschaften allg.",weiblich,103.0
2022-01-01T00:00:00.000Z,Materialwissenschaft und Werkstofftechnik,weiblich,520.0
2020-01-01T00:00:00.000Z,Evangelische Theologie,männlich,691.0
2021-01-01T00:00:00.000Z,Veterinärmedizin allgemein,weiblich,7.0
2021-01-01T00:00:00.000Z,Gesundheitswissenschaften,weiblich,1430.0
2021-01-01T00:00:00.000Z,Klinisch-theoretische Veterinärmedizin,weiblich,389.0
2022-01-01T00:00:00.000Z,Islamische Studien/Islamische Theologie,weiblich,62.0
2020-01-01T00:00:00.000Z,Übrige Ausbildungseinrichtungen der Kliniken,männlich,30.0
2022-01-01T00:00:00.000Z,Veterinärmedizin allgemein,männlich,1.0
2022-01-01T00:00:00.000Z,Soziale Einrichtungen der Kliniken,weiblich,6.0
2021-01-01T00:00:00.000Z,Soziale Einrichtungen,männlich,11.0
2021-01-01T00:00:00.000Z,Klinisch-theor. Humanmedizin (einschl.Zahnmedizin),weiblich,6544.0
2019-01-01T00:00:00.000Z,Geowissenschaften (ohne Geographie),weiblich,1008.0
2021-01-01T00:00:00.000Z,Übrige Ausbildungseinrichtungen,weiblich,313.0
2019-01-01T00:00:00.000Z,Zahnmedizin (klinisch-praktisch),männlich,1083.0
2023-01-01T00:00:00.000Z,Wirtschaftswissenschaften,weiblich,6020.0
2022-01-01T00:00:00.000Z,"Anglistik, Amerikanistik",männlich,712.0
2020-01-01T00:00:00.000Z,Humanmedizin allgemein,männlich,471.0
2023-01-01T00:00:00.000Z,Zentrale wissenschaftliche Einrichtungen,weiblich,4353.0
2019-01-01T00:00:00.000Z,"Kliniken insgesamt, Zentrale Dienste",weiblich,793.0
2019-01-01T00:00:00.000Z,Evangelische Theologie,weiblich,473.0
2021-01-01T00:00:00.000Z,"Kunst, Kunstwissenschaft allgemein",weiblich,804.0
2019-01-01T00:00:00.000Z,Soziale Einrichtungen,weiblich,13.0
2021-01-01T00:00:00.000Z,Philosophie,männlich,1120.0
2022-01-01T00:00:00.000Z,Zentrale wissenschaftliche Einrichtungen,weiblich,4229.0
2022-01-01T00:00:00.000Z,Klinisch-theor. Humanmedizin (einschl.Zahnmedizin),weiblich,6878.0
2021-01-01T00:00:00.000Z,Wirtschaftswissenschaften,männlich,10938.0
2022-01-01T00:00:00.000Z,"Kunst, Kunstwissenschaft allgemein",weiblich,824.0
2022-01-01T00:00:00.000Z,Informatik,weiblich,2665.0
2021-01-01T00:00:00.000Z,"Rechts-, Wirtschafts- u.Sozialwissenschaften allg.",weiblich,325.0
2020-01-01T00:00:00.000Z,Verwaltungswissenschaften,weiblich,739.0
2022-01-01T00:00:00.000Z,"Agrar-, Forst- und Ernährungswissenschaften allg.",weiblich,335.0
2020-01-01T00:00:00.000Z,"Agrar-, Forst- und Ernährungswissenschaften allg.",weiblich,86.0
2021-01-01T00:00:00.000Z,Politikwissenschaft,weiblich,910.0
2023-01-01T00:00:00.000Z,Architektur,männlich,1642.0
2019-01-01T00:00:00.000Z,"Agrar-, Forst- und Ernährungswissenschaften allg.",weiblich,72.0
2021-01-01T00:00:00.000Z,Evangelische Theologie,männlich,664.0
2022-01-01T00:00:00.000Z,Wirtschaftsingenieurw. mit ingenieurw. Schwerpunkt,weiblich,184.0
2020-01-01T00:00:00.000Z,Gesundheitswissenschaften,weiblich,1339.0
2022-01-01T00:00:00.000Z,Kulturwissenschaften i.e.S.,männlich,234.0
2023-01-01T00:00:00.000Z,Philosophie,weiblich,661.0
2021-01-01T00:00:00.000Z,Wirtschaftsingenieurw. mit ingenieurw. Schwerpunkt,männlich,429.0
2023-01-01T00:00:00.000Z,Architektur,weiblich,1162.0
2019-01-01T00:00:00.000Z,Pharmazie,männlich,1021.0
2021-01-01T00:00:00.000Z,Sport,männlich,1209.0
2019-01-01T00:00:00.000Z,"Verkehrstechnik, Nautik",männlich,1779.0
2021-01-01T00:00:00.000Z,"Bergbau, Hüttenwesen",weiblich,155.0
2022-01-01T00:00:00.000Z,Wirtschaftsingenieurw. mit ingenieurw. Schwerpunkt,männlich,462.0
2021-01-01T00:00:00.000Z,"Agrarwissensch., Lebensmittel- u. Getränketechnik",weiblich,1339.0
2023-01-01T00:00:00.000Z,Zentral verwaltete Hörsäle und Lehrräume,männlich,
2023-01-01T00:00:00.000Z,Pharmazie,weiblich,812.0
2021-01-01T00:00:00.000Z,Biologie,männlich,5017.0
2023-01-01T00:00:00.000Z,Geschichte,männlich,1746.0
2020-01-01T00:00:00.000Z,Übrige Ausbildungseinrichtungen,männlich,212.0
2021-01-01T00:00:00.000Z,Hochschulrechenzentrum,weiblich,242.0
2022-01-01T00:00:00.000Z,Klinisch-prakt. Humanmedizin (ohne Zahnmedizin),männlich,23368.0
2020-01-01T00:00:00.000Z,Kommunikationswissenschaft/Publizistik,männlich,343.0
2023-01-01T00:00:00.000Z,Bauingenieurwesen,weiblich,1330.0
2019-01-01T00:00:00.000Z,Zentrale Betriebs- und Versorgungseinrichtungen,männlich,89.0
2023-01-01T00:00:00.000Z,Biologie,weiblich,4876.0
2020-01-01T00:00:00.000Z,Architektur,weiblich,1056.0
2021-01-01T00:00:00.000Z,Mathematik,weiblich,1578.0
2022-01-01T00:00:00.000Z,Zentrale Betriebs- und Versorgungseinrichtungen,männlich,101.0
2019-01-01T00:00:00.000Z,Klinisch-theoretische Veterinärmedizin,männlich,226.0
2019-01-01T00:00:00.000Z,Klinisch-prakt. Humanmedizin (ohne Zahnmedizin),männlich,22380.0
2019-01-01T00:00:00.000Z,Humanmedizin allgemein,männlich,337.0
2022-01-01T00:00:00.000Z,Romanistik,weiblich,813.0
2023-01-01T00:00:00.000Z,"Rechts-, Wirtschafts- u.Sozialwissenschaften allg.",männlich,437.0
2023-01-01T00:00:00.000Z,Klinisch-theoretische Veterinärmedizin,männlich,228.0
2023-01-01T00:00:00.000Z,Zahnmedizin (klinisch-praktisch),weiblich,1158.0
2023-01-01T00:00:00.000Z,Verwaltungswissenschaften,männlich,1413.0
2022-01-01T00:00:00.000Z,"Slawistik, Baltistik, Finno-Ugristik",weiblich,285.0
2023-01-01T00:00:00.000Z,Sonstige Sprach- und Kulturwissenschaften,weiblich,827.0
2021-01-01T00:00:00.000Z,Geschichte,weiblich,1480.0
2020-01-01T00:00:00.000Z,Klinisch-praktische Veterinärmedizin,weiblich,473.0
2022-01-01T00:00:00.000Z,Kommunikationswissenschaft/Publizistik,weiblich,413.0
2022-01-01T00:00:00.000Z,"Rechts-, Wirtschafts- u.Sozialwissenschaften allg.",weiblich,389.0
2022-01-01T00:00:00.000Z,Sonstige Sprach- und Kulturwissenschaften,weiblich,830.0
2019-01-01T00:00:00.000Z,Rechtswissenschaften,weiblich,2047.0
2023-01-01T00:00:00.000Z,Romanistik,weiblich,793.0
2019-01-01T00:00:00.000Z,Wirtschaftsingenieurw. mit wirtschaftsw. Schwerp.,weiblich,222.0
2023-01-01T00:00:00.000Z,Klinisch-prakt. Humanmedizin (ohne Zahnmedizin),männlich,23696.0
2022-01-01T00:00:00.000Z,Sozialwesen,weiblich,1789.0
2021-01-01T00:00:00.000Z,Informations- und Bibliothekswissenschaften,weiblich,95.0
2021-01-01T00:00:00.000Z,Klinisch-prakt. Humanmedizin (ohne Zahnmedizin),männlich,22923.0
2020-01-01T00:00:00.000Z,Veterinärmedizin allgemein,weiblich,10.0
2020-01-01T00:00:00.000Z,Katholische Theologie,männlich,603.0
2019-01-01T00:00:00.000Z,"Bergbau, Hüttenwesen",männlich,375.0
2023-01-01T00:00:00.000Z,Veterinärmedizin allgemein,männlich,1.0
2022-01-01T00:00:00.000Z,Klinisch-theoretische Veterinärmedizin,männlich,236.0
2021-01-01T00:00:00.000Z,Zentrale Betriebs- und Versorgungseinrichtungen,männlich,97.0
2021-01-01T00:00:00.000Z,Soziale Einrichtungen der Kliniken,weiblich,7.0
2022-01-01T00:00:00.000Z,Geschichte,weiblich,1499.0
2023-01-01T00:00:00.000Z,Zentrale Betriebs- und Versorgungseinrichtungen,männlich,102.0
2022-01-01T00:00:00.000Z,Sonderpädagogik,männlich,
2020-01-01T00:00:00.000Z,Raumplanung,männlich,332.0
2020-01-01T00:00:00.000Z,Informatik,weiblich,2223.0
2023-01-01T00:00:00.000Z,"Agrarwissensch., Lebensmittel- u. Getränketechnik",männlich,1400.0
2019-01-01T00:00:00.000Z,Katholische Theologie,weiblich,337.0
2019-01-01T00:00:00.000Z,Islamische Studien/Islamische Theologie,weiblich,55.0
2022-01-01T00:00:00.000Z,"Landespflege, Umweltgestaltung",weiblich,194.0
2021-01-01T00:00:00.000Z,"Germanistik (Deutsch, germ. Sprachen o. Anglistik)",männlich,1382.0
2021-01-01T00:00:00.000Z,"Slawistik, Baltistik, Finno-Ugristik",weiblich,271.0
2021-01-01T00:00:00.000Z,Pharmazie,männlich,1038.0
2023-01-01T00:00:00.000Z,Informations- und Bibliothekswissenschaften,männlich,88.0
2019-01-01T00:00:00.000Z,"Anglistik, Amerikanistik",männlich,712.0
2019-01-01T00:00:00.000Z,Zentrale Hochschulverwaltung,weiblich,1955.0
2023-01-01T00:00:00.000Z,Politikwissenschaft,weiblich,872.0
2021-01-01T00:00:00.000Z,Architektur,männlich,1628.0
2019-01-01T00:00:00.000Z,Zentrale wissenschaftliche Einrichtungen,männlich,3645.0
2020-01-01T00:00:00.000Z,Informations- und Bibliothekswissenschaften,weiblich,84.0
2023-01-01T00:00:00.000Z,Ingenieurwissenschaften allgemein,weiblich,698.0
2020-01-01T00:00:00.000Z,Chemie,weiblich,3544.0
2019-01-01T00:00:00.000Z,Maschinenbau/Verfahrenstechnik,männlich,13482.0
2020-01-01T00:00:00.000Z,Hochschulrechenzentrum,männlich,878.0
2020-01-01T00:00:00.000Z,Zentrale Betriebs- und Versorgungseinrichtungen,männlich,89.0
2019-01-01T00:00:00.000Z,Wirtschaftswissenschaften,weiblich,5482.0
2022-01-01T00:00:00.000Z,Philosophie,weiblich,663.0
2022-01-01T00:00:00.000Z,"Germanistik (Deutsch, germ. Sprachen o. Anglistik)",männlich,1351.0
2023-01-01T00:00:00.000Z,Übrige Ausbildungseinrichtungen der Kliniken,männlich,53.0
2021-01-01T00:00:00.000Z,Übrige Ausbildungseinrichtungen der Kliniken,männlich,39.0
2021-01-01T00:00:00.000Z,Islamische Studien/Islamische Theologie,männlich,91.0
2022-01-01T00:00:00.000Z,"Mathematik, Naturwissenschaften allgemein",männlich,581.0
2021-01-01T00:00:00.000Z,Wirtschaftsingenieurw. mit wirtschaftsw. Schwerp.,weiblich,221.0
2021-01-01T00:00:00.000Z,Mit der Hochschule verb. u. hochschulfr. Einricht.,männlich,159.0
2021-01-01T00:00:00.000Z,Zahnmedizin (klinisch-praktisch),weiblich,1038.0
2020-01-01T00:00:00.000Z,Materialwissenschaft und Werkstofftechnik,weiblich,435.0
2022-01-01T00:00:00.000Z,Mathematik,männlich,4450.0
2021-01-01T00:00:00.000Z,Sonderpädagogik,männlich,
2021-01-01T00:00:00.000Z,Mit der Klinik verbundene u.klinikfremde Einricht.,männlich,22.0
2021-01-01T00:00:00.000Z,Sonstige Sprach- und Kulturwissenschaften,weiblich,820.0
2020-01-01T00:00:00.000Z,Sonstige Sprach- und Kulturwissenschaften,weiblich,778.0
2021-01-01T00:00:00.000Z,Elektro- und Informationstechnik,männlich,8064.0
2019-01-01T00:00:00.000Z,Geisteswissenschaften allgemein,männlich,771.0
2019-01-01T00:00:00.000Z,Zentral verwaltete Hörsäle und Lehrräume,weiblich,
2020-01-01T00:00:00.000Z,Geographie,männlich,1096.0
2019-01-01T00:00:00.000Z,Mit der Hochschule verb. u. hochschulfr. Einricht.,männlich,169.0
2020-01-01T00:00:00.000Z,Erziehungswissenschaften,männlich,2115.0
2023-01-01T00:00:00.000Z,Geowissenschaften (ohne Geographie),weiblich,1068.0
2019-01-01T00:00:00.000Z,Materialwissenschaft und Werkstofftechnik,männlich,1526.0
2021-01-01T00:00:00.000Z,Chemie,männlich,7396.0
2023-01-01T00:00:00.000Z,Allg. und vergl. Literatur- und Sprachwissenschaft,männlich,626.0
2019-01-01T00:00:00.000Z,"Physik, Astronomie",männlich,8882.0
2021-01-01T00:00:00.000Z,"Mathematik, Naturwissenschaften allgemein",weiblich,299.0
2022-01-01T00:00:00.000Z,Zahnmedizin (klinisch-praktisch),weiblich,1120.0
2023-01-01T00:00:00.000Z,Regionalwissenschaften,weiblich,80.0
2020-01-01T00:00:00.000Z,Medienwissenschaft,männlich,310.0
2020-01-01T00:00:00.000Z,Bauingenieurwesen,männlich,3456.0
2020-01-01T00:00:00.000Z,Allg. und vergl. Literatur- und Sprachwissenschaft,weiblich,965.0
2019-01-01T00:00:00.000Z,Sonstige Sprach- und Kulturwissenschaften,weiblich,758.0
2019-01-01T00:00:00.000Z,Medienwissenschaft,weiblich,
2021-01-01T00:00:00.000Z,Ernährungs- und Haushaltswissenschaften,weiblich,464.0
2021-01-01T00:00:00.000Z,Informatik,männlich,10017.0
2023-01-01T00:00:00.000Z,"Landespflege, Umweltgestaltung",männlich,262.0
2023-01-01T00:00:00.000Z,Raumplanung,weiblich,372.0
2023-01-01T00:00:00.000Z,"Anglistik, Amerikanistik",weiblich,1333.0
2022-01-01T00:00:00.000Z,Chemie,weiblich,3595.0
2020-01-01T00:00:00.000Z,Soziale Einrichtungen,männlich,11.0
2022-01-01T00:00:00.000Z,Sozialwissenschaften/Soziologie,männlich,1534.0
2023-01-01T00:00:00.000Z,Islamische Studien/Islamische Theologie,weiblich,63.0
2020-01-01T00:00:00.000Z,Ernährungs- und Haushaltswissenschaften,männlich,234.0
2022-01-01T00:00:00.000Z,Gesundheitswissenschaften,weiblich,1569.0
2019-01-01T00:00:00.000Z,Regionalwissenschaften,weiblich,86.0
2021-01-01T00:00:00.000Z,"Darstellende Kunst, Film u.Fernsehen, Theaterwiss.",männlich,390.0
2023-01-01T00:00:00.000Z,"Physik, Astronomie",männlich,9132.0
2020-01-01T00:00:00.000Z,"Darstellende Kunst, Film u.Fernsehen, Theaterwiss.",männlich,387.0
2019-01-01T00:00:00.000Z,Sonderpädagogik,männlich,
2019-01-01T00:00:00.000Z,Bildende Kunst,weiblich,324.0
2023-01-01T00:00:00.000Z,Pharmazie,männlich,1027.0
2023-01-01T00:00:00.000Z,Materialwissenschaft und Werkstofftechnik,männlich,1389.0
2022-01-01T00:00:00.000Z,Geowissenschaften (ohne Geographie),männlich,2008.0
2021-01-01T00:00:00.000Z,Romanistik,männlich,445.0
2022-01-01T00:00:00.000Z,Elektro- und Informationstechnik,weiblich,1509.0
2023-01-01T00:00:00.000Z,"Forstwissenschaft, Holzwirtschaft",weiblich,286.0
2020-01-01T00:00:00.000Z,Vorklinische Veterinärmedizin,weiblich,178.0
2023-01-01T00:00:00.000Z,Hochschulrechenzentrum,männlich,852.0
2019-01-01T00:00:00.000Z,Romanistik,weiblich,832.0
2021-01-01T00:00:00.000Z,Verwaltungswissenschaften,männlich,1341.0
2023-01-01T00:00:00.000Z,"Verkehrstechnik, Nautik",männlich,2172.0
2019-01-01T00:00:00.000Z,Biologie,weiblich,4660.0
2023-01-01T00:00:00.000Z,Sonderpädagogik,weiblich,
2019-01-01T00:00:00.000Z,"Rechts-, Wirtschafts- u.Sozialwissenschaften allg.",weiblich,640.0
2022-01-01T00:00:00.000Z,Evangelische Theologie,männlich,659.0
2020-01-01T00:00:00.000Z,Soziale Einrichtungen der Kliniken,weiblich,14.0
2021-01-01T00:00:00.000Z,Regionalwissenschaften,weiblich,83.0
2019-01-01T00:00:00.000Z,Gesundheitswissenschaften,weiblich,1269.0
2023-01-01T00:00:00.000Z,Klinisch-theor. Humanmedizin (einschl.Zahnmedizin),weiblich,7084.0
2019-01-01T00:00:00.000Z,Architektur,weiblich,1005.0
2020-01-01T00:00:00.000Z,Klinisch-theor. Humanmedizin (einschl.Zahnmedizin),weiblich,6316.0
2022-01-01T00:00:00.000Z,Medienwissenschaft,weiblich,327.0
2022-01-01T00:00:00.000Z,Erziehungswissenschaften,männlich,2107.0
2020-01-01T00:00:00.000Z,"Kunst, Kunstwissenschaft allgemein",weiblich,768.0
2019-01-01T00:00:00.000Z,"Musik, Musikwissenschaft",männlich,2033.0
2023-01-01T00:00:00.000Z,"Kunst, Kunstwissenschaft allgemein",weiblich,828.0
2021-01-01T00:00:00.000Z,Psychologie,weiblich,3500.0
2019-01-01T00:00:00.000Z,Klinisch-theor. Humanmedizin (einschl.Zahnmedizin),weiblich,5687.0
2021-01-01T00:00:00.000Z,"Landespflege, Umweltgestaltung",männlich,306.0
2023-01-01T00:00:00.000Z,"Mathematik, Naturwissenschaften allgemein",weiblich,350.0
2022-01-01T00:00:00.000Z,Übrige Ausbildungseinrichtungen,weiblich,339.0
2022-01-01T00:00:00.000Z,Geographie,männlich,1077.0
2020-01-01T00:00:00.000Z,Philosophie,männlich,1107.0
2023-01-01T00:00:00.000Z,Evangelische Theologie,männlich,646.0
2023-01-01T00:00:00.000Z,Ernährungs- und Haushaltswissenschaften,weiblich,431.0
2023-01-01T00:00:00.000Z,Zentralbibliothek,weiblich,247.0
2022-01-01T00:00:00.000Z,"Physik, Astronomie",weiblich,2291.0
2023-01-01T00:00:00.000Z,Soziale Einrichtungen der Kliniken,männlich,25.0
2019-01-01T00:00:00.000Z,"Slawistik, Baltistik, Finno-Ugristik",weiblich,290.0
2021-01-01T00:00:00.000Z,Vorklinische Veterinärmedizin,weiblich,179.0
2023-01-01T00:00:00.000Z,Wirtschaftsingenieurw. mit wirtschaftsw. Schwerp.,weiblich,235.0
2021-01-01T00:00:00.000Z,"Anglistik, Amerikanistik",männlich,708.0
2023-01-01T00:00:00.000Z,Elektro- und Informationstechnik,männlich,7954.0
2023-01-01T00:00:00.000Z,Altphilologie (klassische Philologie),männlich,274.0
2023-01-01T00:00:00.000Z,Vorklinische Veterinärmedizin,weiblich,187.0
2019-01-01T00:00:00.000Z,"Kunst, Kunstwissenschaft allgemein",weiblich,765.0
2023-01-01T00:00:00.000Z,Chemie,männlich,7050.0
2021-01-01T00:00:00.000Z,Raumplanung,weiblich,380.0
2022-01-01T00:00:00.000Z,"Musik, Musikwissenschaft",männlich,2120.0
2023-01-01T00:00:00.000Z,"Musik, Musikwissenschaft",männlich,2123.0
2022-01-01T00:00:00.000Z,Bauingenieurwesen,männlich,3484.0
2019-01-01T00:00:00.000Z,Sport,weiblich,919.0
2021-01-01T00:00:00.000Z,Geowissenschaften (ohne Geographie),weiblich,1069.0
2022-01-01T00:00:00.000Z,Politikwissenschaft,männlich,1174.0
2021-01-01T00:00:00.000Z,"Musik, Musikwissenschaft",männlich,2105.0
2020-01-01T00:00:00.000Z,"Musik, Musikwissenschaft",männlich,2069.0
2020-01-01T00:00:00.000Z,Politikwissenschaft,männlich,1066.0
2023-01-01T00:00:00.000Z,Sozialwesen,weiblich,1873.0
2020-01-01T00:00:00.000Z,"Rechts-, Wirtschafts- u.Sozialwissenschaften allg.",männlich,382.0
2019-01-01T00:00:00.000Z,Sozialwesen,männlich,967.0
2019-01-01T00:00:00.000Z,Chemie,weiblich,3483.0
2022-01-01T00:00:00.000Z,Geisteswissenschaften allgemein,männlich,398.0
2021-01-01T00:00:00.000Z,Erziehungswissenschaften,männlich,2132.0
2022-01-01T00:00:00.000Z,Vermessungswesen,weiblich,189.0
2021-01-01T00:00:00.000Z,Kulturwissenschaften i.e.S.,weiblich,350.0
2023-01-01T00:00:00.000Z,Mathematik,männlich,4377.0
2021-01-01T00:00:00.000Z,Zentral verwaltete Hörsäle und Lehrräume,männlich,
2021-01-01T00:00:00.000Z,Medienwissenschaft,männlich,312.0
2021-01-01T00:00:00.000Z,Sport,weiblich,963.0
2022-01-01T00:00:00.000Z,Gestaltung,männlich,999.0
2022-01-01T00:00:00.000Z,Ernährungs- und Haushaltswissenschaften,männlich,218.0
2022-01-01T00:00:00.000Z,Vorklinische Veterinärmedizin,weiblich,189.0
2019-01-01T00:00:00.000Z,Informatik,weiblich,1952.0
2022-01-01T00:00:00.000Z,"Germanistik (Deutsch, germ. Sprachen o. Anglistik)",weiblich,2232.0
2023-01-01T00:00:00.000Z,Zentrale Hochschulverwaltung,weiblich,2206.0
2023-01-01T00:00:00.000Z,Geisteswissenschaften allgemein,männlich,403.0
2020-01-01T00:00:00.000Z,Kulturwissenschaften i.e.S.,weiblich,315.0
2019-01-01T00:00:00.000Z,Psychologie,männlich,2111.0
2019-01-01T00:00:00.000Z,Übrige Ausbildungseinrichtungen,weiblich,327.0
2023-01-01T00:00:00.000Z,Psychologie,weiblich,3797.0
2023-01-01T00:00:00.000Z,"Germanistik (Deutsch, germ. Sprachen o. Anglistik)",weiblich,2233.0
2020-01-01T00:00:00.000Z,"Verkehrstechnik, Nautik",weiblich,251.0
2021-01-01T00:00:00.000Z,Humanmedizin allgemein,weiblich,858.0
2023-01-01T00:00:00.000Z,"Kliniken insgesamt, Zentrale Dienste",weiblich,1483.0
2022-01-01T00:00:00.000Z,Medienwissenschaft,männlich,310.0
2020-01-01T00:00:00.000Z,Wirtschaftsingenieurw. mit ingenieurw. Schwerpunkt,weiblich,138.0
2022-01-01T00:00:00.000Z,Verwaltungswissenschaften,männlich,1376.0
2019-01-01T00:00:00.000Z,Raumplanung,weiblich,347.0
2019-01-01T00:00:00.000Z,Klinisch-praktische Veterinärmedizin,weiblich,444.0
2020-01-01T00:00:00.000Z,Bildende Kunst,männlich,440.0
2022-01-01T00:00:00.000Z,Kulturwissenschaften i.e.S.,weiblich,334.0
2023-01-01T00:00:00.000Z,Rechtswissenschaften,männlich,3559.0
2019-01-01T00:00:00.000Z,"Darstellende Kunst, Film u.Fernsehen, Theaterwiss.",weiblich,379.0
2022-01-01T00:00:00.000Z,Geographie,weiblich,796.0
2023-01-01T00:00:00.000Z,Medienwissenschaft,männlich,290.0
2020-01-01T00:00:00.000Z,Maschinenbau/Verfahrenstechnik,weiblich,3369.0
2021-01-01T00:00:00.000Z,Rechtswissenschaften,männlich,3576.0
2021-01-01T00:00:00.000Z,Bauingenieurwesen,weiblich,1338.0
2020-01-01T00:00:00.000Z,Psychologie,männlich,2131.0
2023-01-01T00:00:00.000Z,Übrige Ausbildungseinrichtungen,weiblich,341.0
2023-01-01T00:00:00.000Z,"Musik, Musikwissenschaft",weiblich,1221.0
2019-01-01T00:00:00.000Z,Veterinärmedizin allgemein,männlich,3.0
2023-01-01T00:00:00.000Z,Vorklinische Humanmedizin (einschl. Zahnmedizin),männlich,2187.0
2022-01-01T00:00:00.000Z,Biologie,weiblich,4793.0
2022-01-01T00:00:00.000Z,"Kunst, Kunstwissenschaft",weiblich,3584.0
2021-01-01T00:00:00.000Z,Sport,männlich,1209.0
2021-01-01T00:00:00.000Z,Humanmedizin/Gesundheitswissenschaften,weiblich,36796.0
2021-01-01T00:00:00.000Z,Ingenieurwissenschaften,weiblich,12143.0
2022-01-01T00:00:00.000Z,Zentr.Einrichtungen (o. klinikspez. Einrichtungen),weiblich,7891.0
2022-01-01T00:00:00.000Z,"Mathematik, Naturwissenschaften",weiblich,15323.0
2023-01-01T00:00:00.000Z,"Agrar-, Forst- u.Ernährungswiss., Veterinärmedizin",weiblich,3754.0
2020-01-01T00:00:00.000Z,Zentr.Einrichtungen (o. klinikspez. Einrichtungen),männlich,7200.0
2019-01-01T00:00:00.000Z,"Agrar-, Forst- u.Ernährungswiss., Veterinärmedizin",männlich,3175.0
2019-01-01T00:00:00.000Z,Geisteswissenschaften,männlich,9795.0
2023-01-01T00:00:00.000Z,Geisteswissenschaften,weiblich,11047.0
2023-01-01T00:00:00.000Z,Zentr.Einricht.d.Hochschulkliniken (nur Humanmed.),weiblich,1716.0
2022-01-01T00:00:00.000Z,"Agrar-, Forst- u.Ernährungswiss., Veterinärmedizin",männlich,3295.0
2019-01-01T00:00:00.000Z,"Mathematik, Naturwissenschaften",weiblich,14586.0
2020-01-01T00:00:00.000Z,Humanmedizin/Gesundheitswissenschaften,männlich,33555.0
2021-01-01T00:00:00.000Z,Zentr.Einricht.d.Hochschulkliniken (nur Humanmed.),männlich,1172.0
2019-01-01T00:00:00.000Z,"Rechts-, Wirtschafts- und Sozialwissenschaften",weiblich,20417.0
2023-01-01T00:00:00.000Z,Sport,weiblich,992.0
2021-01-01T00:00:00.000Z,"Rechts-, Wirtschafts- und Sozialwissenschaften",weiblich,22081.0
2021-01-01T00:00:00.000Z,"Kunst, Kunstwissenschaft",männlich,4366.0
2023-01-01T00:00:00.000Z,"Rechts-, Wirtschafts- und Sozialwissenschaften",männlich,25274.0
2019-01-01T00:00:00.000Z,"Kunst, Kunstwissenschaft",weiblich,3177.0
2020-01-01T00:00:00.000Z,"Mathematik, Naturwissenschaften",männlich,30751.0
2022-01-01T00:00:00.000Z,Sport,weiblich,998.0
2023-01-01T00:00:00.000Z,Ingenieurwissenschaften,männlich,43973.0
2020-01-01T00:00:00.000Z,Geisteswissenschaften,weiblich,10797.0
2019-01-01T00:00:00.000Z,Zentr.Einrichtungen (o. klinikspez. Einrichtungen),weiblich,7148.0
2020-01-01T00:00:00.000Z,"Kunst, Kunstwissenschaft",weiblich,3259.0
2021-01-01T00:00:00.000Z,Zentr.Einrichtungen (o. klinikspez. Einrichtungen),weiblich,7565.0
2020-01-01T00:00:00.000Z,Ingenieurwissenschaften,weiblich,11401.0
2021-01-01T00:00:00.000Z,"Mathematik, Naturwissenschaften",weiblich,14969.0
2023-01-01T00:00:00.000Z,Zentr.Einrichtungen (o. klinikspez. Einrichtungen),weiblich,7987.0
2023-01-01T00:00:00.000Z,Humanmedizin/Gesundheitswissenschaften,männlich,34825.0
2019-01-01T00:00:00.000Z,Ingenieurwissenschaften,männlich,41940.0
2021-01-01T00:00:00.000Z,"Agrar-, Forst- u.Ernährungswiss., Veterinärmedizin",weiblich,3547.0
2020-01-01T00:00:00.000Z,Sport,männlich,1171.0
2020-01-01T00:00:00.000Z,"Agrar-, Forst- u.Ernährungswiss., Veterinärmedizin",männlich,3261.0
2019-01-01T00:00:00.000Z,Humanmedizin/Gesundheitswissenschaften,weiblich,33225.0
2019-01-01T00:00:00.000Z,Zentr.Einricht.d.Hochschulkliniken (nur Humanmed.),männlich,656.0
2022-01-01T00:00:00.000Z,Zentr.Einricht.d.Hochschulkliniken (nur Humanmed.),männlich,1136.0
2020-01-01T00:00:00.000Z,Zentr.Einricht.d.Hochschulkliniken (nur Humanmed.),männlich,755.0
2022-01-01T00:00:00.000Z,Geisteswissenschaften,weiblich,11058.0
2022-01-01T00:00:00.000Z,Humanmedizin/Gesundheitswissenschaften,weiblich,38076.0
2020-01-01T00:00:00.000Z,"Rechts-, Wirtschafts- und Sozialwissenschaften",weiblich,21269.0
2023-01-01T00:00:00.000Z,"Kunst, Kunstwissenschaft",weiblich,3663.0
2019-01-01T00:00:00.000Z,Sport,männlich,1175.0
2023-01-01T00:00:00.000Z,"Mathematik, Naturwissenschaften",männlich,30062.0
2022-01-01T00:00:00.000Z,"Rechts-, Wirtschafts- und Sozialwissenschaften",männlich,25390.0
2020-01-01T00:00:00.000Z,Zentr.Einrichtungen (o. klinikspez. Einrichtungen),weiblich,7393.0
2022-01-01T00:00:00.000Z,Ingenieurwissenschaften,männlich,43836.0
2020-01-01T00:00:00.000Z,Geisteswissenschaften,männlich,9771.0
2019-01-01T00:00:00.000Z,Geisteswissenschaften,weiblich,10523.0
2019-01-01T00:00:00.000Z,"Agrar-, Forst- u.Ernährungswiss., Veterinärmedizin",weiblich,3263.0
2020-01-01T00:00:00.000Z,"Mathematik, Naturwissenschaften",weiblich,14668.0
2022-01-01T00:00:00.000Z,"Kunst, Kunstwissenschaft",männlich,4383.0
2022-01-01T00:00:00.000Z,Zentr.Einrichtungen (o. klinikspez. Einrichtungen),männlich,7629.0
2023-01-01T00:00:00.000Z,Ingenieurwissenschaften,weiblich,12947.0
2021-01-01T00:00:00.000Z,Sport,weiblich,963.0
2019-01-01T00:00:00.000Z,"Rechts-, Wirtschafts- und Sozialwissenschaften",männlich,24837.0
2021-01-01T00:00:00.000Z,Zentr.Einricht.d.Hochschulkliniken (nur Humanmed.),weiblich,1537.0
2023-01-01T00:00:00.000Z,Zentr.Einricht.d.Hochschulkliniken (nur Humanmed.),männlich,1255.0
2019-01-01T00:00:00.000Z,"Mathematik, Naturwissenschaften",männlich,30715.0
2021-01-01T00:00:00.000Z,"Kunst, Kunstwissenschaft",weiblich,3426.0
2019-01-01T00:00:00.000Z,Zentr.Einrichtungen (o. klinikspez. Einrichtungen),männlich,6986.0
2021-01-01T00:00:00.000Z,Geisteswissenschaften,weiblich,11067.0
2022-01-01T00:00:00.000Z,"Agrar-, Forst- u.Ernährungswiss., Veterinärmedizin",weiblich,3543.0
2023-01-01T00:00:00.000Z,Sport,männlich,1180.0
2023-01-01T00:00:00.000Z,"Rechts-, Wirtschafts- und Sozialwissenschaften",weiblich,22993.0
2020-01-01T00:00:00.000Z,Humanmedizin/Gesundheitswissenschaften,weiblich,35503.0
2019-01-01T00:00:00.000Z,"Kunst, Kunstwissenschaft",männlich,4284.0
2022-01-01T00:00:00.000Z,"Mathematik, Naturwissenschaften",männlich,30342.0
2021-01-01T00:00:00.000Z,Humanmedizin/Gesundheitswissenschaften,männlich,33843.0
2023-01-01T00:00:00.000Z,"Agrar-, Forst- u.Ernährungswiss., Veterinärmedizin",männlich,3274.0
2022-01-01T00:00:00.000Z,Sport,männlich,1215.0
2021-01-01T00:00:00.000Z,"Rechts-, Wirtschafts- und Sozialwissenschaften",männlich,25494.0
2021-01-01T00:00:00.000Z,Ingenieurwissenschaften,männlich,44189.0
2023-01-01T00:00:00.000Z,Humanmedizin/Gesundheitswissenschaften,weiblich,39574.0
2019-01-01T00:00:00.000Z,Humanmedizin/Gesundheitswissenschaften,männlich,32285.0
2023-01-01T00:00:00.000Z,Zentr.Einrichtungen (o. klinikspez. Einrichtungen),männlich,7700.0
2019-01-01T00:00:00.000Z,Zentr.Einricht.d.Hochschulkliniken (nur Humanmed.),weiblich,910.0
2022-01-01T00:00:00.000Z,Ingenieurwissenschaften,weiblich,12513.0
2021-01-01T00:00:00.000Z,Zentr.Einrichtungen (o. klinikspez. Einrichtungen),männlich,7507.0
2020-01-01T00:00:00.000Z,Zentr.Einricht.d.Hochschulkliniken (nur Humanmed.),weiblich,1118.0
2021-01-01T00:00:00.000Z,Geisteswissenschaften,männlich,9634.0
2019-01-01T00:00:00.000Z,Sport,weiblich,919.0
2022-01-01T00:00:00.000Z,Humanmedizin/Gesundheitswissenschaften,männlich,34325.0
2022-01-01T00:00:00.000Z,Zentr.Einricht.d.Hochschulkliniken (nur Humanmed.),weiblich,1555.0
2023-01-01T00:00:00.000Z,"Mathematik, Naturwissenschaften",weiblich,15720.0
2019-01-01T00:00:00.000Z,Ingenieurwissenschaften,weiblich,10595.0
2020-01-01T00:00:00.000Z,Sport,weiblich,925.0
2022-01-01T00:00:00.000Z,Geisteswissenschaften,männlich,9504.0
2023-01-01T00:00:00.000Z,Geisteswissenschaften,männlich,9295.0
2023-01-01T00:00:00.000Z,"Kunst, Kunstwissenschaft",männlich,4357.0
2022-01-01T00:00:00.000Z,"Rechts-, Wirtschafts- und Sozialwissenschaften",weiblich,22639.0
2020-01-01T00:00:00.000Z,"Agrar-, Forst- u.Ernährungswiss., Veterinärmedizin",weiblich,3374.0
2021-01-01T00:00:00.000Z,"Mathematik, Naturwissenschaften",männlich,30781.0
2021-01-01T00:00:00.000Z,"Agrar-, Forst- u.Ernährungswiss., Veterinärmedizin",männlich,3310.0
2020-01-01T00:00:00.000Z,"Kunst, Kunstwissenschaft",männlich,4302.0
2020-01-01T00:00:00.000Z,Ingenieurwissenschaften,männlich,43421.0
2020-01-01T00:00:00.000Z,"Rechts-, Wirtschafts- und Sozialwissenschaften",männlich,25381.0
2020-01-01T00:00:00.000Z,Hochschulrechenzentrum,weiblich,217.0
2022-01-01T00:00:00.000Z,Geowissenschaften (ohne Geographie),weiblich,1078.0
2020-01-01T00:00:00.000Z,Rechtswissenschaften,männlich,3601.0
2020-01-01T00:00:00.000Z,Zentralbibliothek,weiblich,233.0
2021-01-01T00:00:00.000Z,Informatik,weiblich,2472.0
2023-01-01T00:00:00.000Z,Maschinenbau/Verfahrenstechnik,männlich,13088.0
2022-01-01T00:00:00.000Z,"Kliniken insgesamt, Zentrale Dienste",weiblich,1363.0
2019-01-01T00:00:00.000Z,"Landespflege, Umweltgestaltung",männlich,289.0
2021-01-01T00:00:00.000Z,Sonstige Sprach- und Kulturwissenschaften,männlich,728.0
2023-01-01T00:00:00.000Z,Mit der Hochschule verb. u. hochschulfr. Einricht.,männlich,136.0
2020-01-01T00:00:00.000Z,Elektro- und Informationstechnik,weiblich,1377.0
2023-01-01T00:00:00.000Z,Klinisch-praktische Veterinärmedizin,weiblich,557.0
2019-01-01T00:00:00.000Z,"Musik, Musikwissenschaft",weiblich,1068.0
2022-01-01T00:00:00.000Z,Wirtschaftswissenschaften,männlich,10897.0
2020-01-01T00:00:00.000Z,"Kunst, Kunstwissenschaft allgemein",männlich,462.0
2021-01-01T00:00:00.000Z,Zentralbibliothek,männlich,223.0
